azureaianomalydetector,[isPrerelease=true;tfm=netstandard2.0;customSource=https://pkgs.dev.azure.com/azure-sdk/public/_packaging/azure-sdk-for-net/nuget/v3/index.json]Azure.AI.AnomalyDetector,3.0.0-alpha.20241001.1
azureaicontentsafety,[tfm=netstandard2.0;isPrerelease=true;customSource=https://pkgs.dev.azure.com/azure-sdk/public/_packaging/azure-sdk-for-net/nuget/v3/index.json]Azure.AI.ContentSafety,1.1.0-alpha.20240930.1
azureaidocumentintelligence,[tfm=netstandard2.0;isPrerelease=true;customSource=https://pkgs.dev.azure.com/azure-sdk/public/_packaging/azure-sdk-for-net/nuget/v3/index.json]Azure.AI.DocumentIntelligence,1.0.0-alpha.20240930.1
azureaiformrecognizer,[tfm=netstandard2.0;isPrerelease=true;customSource=https://pkgs.dev.azure.com/azure-sdk/public/_packaging/azure-sdk-for-net/nuget/v3/index.json]Azure.AI.FormRecognizer,4.2.0-alpha.20240930.1
azureaiinference,[tfm=netstandard2.0;isPrerelease=true]Azure.AI.Inference,1.0.0-beta.1
azureailanguageconversations,[tfm=netstandard2.0;isPrerelease=true]Azure.AI.Language.Conversations,2.0.0-beta.1
azureailanguagetext,[tfm=netstandard2.0;isPrerelease=true]Azure.AI.Language.Text,1.0.0-beta.1
azureaimetricsadvisor,[tfm=netstandard2.0;isPrerelease=true;customSource=https://pkgs.dev.azure.com/azure-sdk/public/_packaging/azure-sdk-for-net/nuget/v3/index.json]Azure.AI.MetricsAdvisor,1.2.0-alpha.20241001.1
azureaiopenai,[tfm=netstandard2.0;isPrerelease=true;customSource=https://pkgs.dev.azure.com/azure-sdk/public/_packaging/azure-sdk-for-net/nuget/v3/index.json]Azure.AI.OpenAI,2.0.0-alpha.20240930.2
azureaiopenaiassistants,[tfm=netstandard2.0;isPrerelease=true;customSource=https://pkgs.dev.azure.com/azure-sdk/public/_packaging/azure-sdk-for-net/nuget/v3/index.json]Azure.AI.OpenAI.Assistants,1.0.0-alpha.20240930.2
azureaipersonalizer,[isPrerelease=true;tfm=netstandard2.0;customSource=https://pkgs.dev.azure.com/azure-sdk/public/_packaging/azure-sdk-for-net/nuget/v3/index.json]Azure.AI.Personalizer,2.0.0-alpha.20241001.1
azureaitranslationdocument,[tfm=netstandard2.0;isPrerelease=true]Azure.AI.Translation.Document,2.0.0-beta.2
azureaitranslationtext,[tfm=netstandard2.0;isPrerelease=true]Azure.AI.Translation.Text,1.0.0-beta.1
azureaivisioncommon,[tfm=netstandard2.0;isPrerelease=true]Azure.AI.Vision.Common,0.15.1-beta.1
azureaivisioncore,[tfm=netstandard2.0;isPrerelease=true]Azure.AI.Vision.Core,0.10.0-beta.1
azureaivisionface,[tfm=netstandard2.0;isPrerelease=true;customSource=https://pkgs.dev.azure.com/azure-sdk/public/_packaging/azure-sdk-for-net/nuget/v3/index.json]Azure.AI.Vision.Face,1.0.0-alpha.20241001.1
azureaivisionimageanalysis,[tfm=netstandard2.0;isPrerelease=true]Azure.AI.Vision.ImageAnalysis,1.0.0-beta.3
azureanalyticsdefendereasm,[tfm=netstandard2.0;isPrerelease=true;customSource=https://pkgs.dev.azure.com/azure-sdk/public/_packaging/azure-sdk-for-net/nuget/v3/index.json]Azure.Analytics.Defender.Easm,1.0.0-alpha.20240930.1
azureanalyticspurviewaccount,[isPrerelease=true;tfm=netstandard2.0;customSource=https://pkgs.dev.azure.com/azure-sdk/public/_packaging/azure-sdk-for-net/nuget/v3/index.json]Azure.Analytics.Purview.Account,1.0.0-alpha.20241001.1
azureanalyticspurviewadministration,[isPrerelease=true;tfm=netstandard2.0;customSource=https://pkgs.dev.azure.com/azure-sdk/public/_packaging/azure-sdk-for-net/nuget/v3/index.json]Azure.Analytics.Purview.Administration,1.0.0-alpha.20241001.1
azureanalyticspurviewcatalog,[tfm=netstandard2.0;isPrerelease=true;customSource=https://pkgs.dev.azure.com/azure-sdk/public/_packaging/azure-sdk-for-net/nuget/v3/index.json]Azure.Analytics.Purview.Catalog,1.0.0-alpha.20241001.1
azureanalyticspurviewdatamap,[tfm=netstandard2.0;isPrerelease=true;customSource=https://pkgs.dev.azure.com/azure-sdk/public/_packaging/azure-sdk-for-net/nuget/v3/index.json]Azure.Analytics.Purview.DataMap,1.0.0-alpha.20241001.1
azureanalyticspurviewscanning,[isPrerelease=true;tfm=netstandard2.0;customSource=https://pkgs.dev.azure.com/azure-sdk/public/_packaging/azure-sdk-for-net/nuget/v3/index.json]Azure.Analytics.Purview.Scanning,1.0.0-alpha.20241001.1
azureanalyticspurviewsharing,[tfm=netstandard2.0;isPrerelease=true;customSource=https://pkgs.dev.azure.com/azure-sdk/public/_packaging/azure-sdk-for-net/nuget/v3/index.json]Azure.Analytics.Purview.Sharing,1.0.0-alpha.20241001.1
azureanalyticspurviewworkflows,[tfm=netstandard2.0;isPrerelease=true;customSource=https://pkgs.dev.azure.com/azure-sdk/public/_packaging/azure-sdk-for-net/nuget/v3/index.json]Azure.Analytics.Purview.Workflows,1.0.0-alpha.20241001.1
azureanalyticssynapseaccesscontrol,[isPrerelease=true;tfm=netstandard2.0;customSource=https://pkgs.dev.azure.com/azure-sdk/public/_packaging/azure-sdk-for-net/nuget/v3/index.json]Azure.Analytics.Synapse.AccessControl,1.0.0-alpha.20240930.1
azureanalyticssynapseartifacts,[isPrerelease=true;tfm=netstandard2.0;customSource=https://pkgs.dev.azure.com/azure-sdk/public/_packaging/azure-sdk-for-net/nuget/v3/index.json]Azure.Analytics.Synapse.Artifacts,1.0.0-alpha.20240930.1
azureanalyticssynapsemanagedprivateendpoints,[isPrerelease=true;tfm=netstandard2.0;customSource=https://pkgs.dev.azure.com/azure-sdk/public/_packaging/azure-sdk-for-net/nuget/v3/index.json]Azure.Analytics.Synapse.ManagedPrivateEndpoints,1.0.0-alpha.20240930.1
azureanalyticssynapsemonitoring,[isPrerelease=true;tfm=netstandard2.0;customSource=https://pkgs.dev.azure.com/azure-sdk/public/_packaging/azure-sdk-for-net/nuget/v3/index.json]Azure.Analytics.Synapse.Monitoring,1.0.0-alpha.20240930.1
azureanalyticssynapsespark,[isPrerelease=true;tfm=netstandard2.0;customSource=https://pkgs.dev.azure.com/azure-sdk/public/_packaging/azure-sdk-for-net/nuget/v3/index.json]Azure.Analytics.Synapse.Spark,1.0.0-alpha.20240930.1
azurecommunicationalphaids,[tfm=netstandard2.0;isPrerelease=true;customSource=https://pkgs.dev.azure.com/azure-sdk/public/_packaging/azure-sdk-for-net/nuget/v3/index.json]Azure.Communication.AlphaIds,1.0.0-alpha.20241001.1
azurecommunicationcallautomation,[isPrerelease=true;tfm=netstandard2.0;customSource=https://pkgs.dev.azure.com/azure-sdk/public/_packaging/azure-sdk-for-net/nuget/v3/index.json]Azure.Communication.CallAutomation,1.3.0-alpha.20241001.1
azurecommunicationcallingserver,[isPrerelease=true;tfm=netstandard2.0;customSource=https://pkgs.dev.azure.com/azure-sdk/public/_packaging/azure-sdk-for-net/nuget/v3/index.json]Azure.Communication.CallingServer,1.0.0-alpha.20241001.1
azurecommunicationchat,[tfm=netstandard2.0;isPrerelease=true;customSource=https://pkgs.dev.azure.com/azure-sdk/public/_packaging/azure-sdk-for-net/nuget/v3/index.json]Azure.Communication.Chat,1.4.0-alpha.20241001.1
azurecommunicationcommon,[tfm=netstandard2.0;isPrerelease=true;customSource=https://pkgs.dev.azure.com/azure-sdk/public/_packaging/azure-sdk-for-net/nuget/v3/index.json]Azure.Communication.Common,1.4.0-alpha.20241001.1
azurecommunicationemail,[tfm=netstandard2.0;isPrerelease=true;customSource=https://pkgs.dev.azure.com/azure-sdk/public/_packaging/azure-sdk-for-net/nuget/v3/index.json]Azure.Communication.Email,1.1.0-alpha.20241001.1
azurecommunicationidentity,[tfm=netstandard2.0;isPrerelease=true;customSource=https://pkgs.dev.azure.com/azure-sdk/public/_packaging/azure-sdk-for-net/nuget/v3/index.json]Azure.Communication.Identity,1.4.0-alpha.20241001.1
azurecommunicationjobrouter,[tfm=netstandard2.0;isPrerelease=true;customSource=https://pkgs.dev.azure.com/azure-sdk/public/_packaging/azure-sdk-for-net/nuget/v3/index.json]Azure.Communication.JobRouter,1.1.0-alpha.20241001.1
azurecommunicationmessages,[tfm=netstandard2.0;isPrerelease=true;customSource=https://pkgs.dev.azure.com/azure-sdk/public/_packaging/azure-sdk-for-net/nuget/v3/index.json]Azure.Communication.Messages,1.1.0-alpha.20241001.1
azurecommunicationphonenumbers,[isPrerelease=true;tfm=netstandard2.0;customSource=https://pkgs.dev.azure.com/azure-sdk/public/_packaging/azure-sdk-for-net/nuget/v3/index.json]Azure.Communication.PhoneNumbers,1.3.0-alpha.20241001.1
azurecommunicationprogrammableconnectivity,[tfm=netstandard2.0;isPrerelease=true;customSource=https://pkgs.dev.azure.com/azure-sdk/public/_packaging/azure-sdk-for-net/nuget/v3/index.json]Azure.Communication.ProgrammableConnectivity,1.0.0-alpha.20241001.1
azurecommunicationrooms,[tfm=netstandard2.0;isPrerelease=true;customSource=https://pkgs.dev.azure.com/azure-sdk/public/_packaging/azure-sdk-for-net/nuget/v3/index.json]Azure.Communication.Rooms,1.2.0-alpha.20241001.1
azurecommunicationshortcodes,[tfm=netstandard2.0;isPrerelease=true;customSource=https://pkgs.dev.azure.com/azure-sdk/public/_packaging/azure-sdk-for-net/nuget/v3/index.json]Azure.Communication.ShortCodes,1.0.0-alpha.20241001.1
azurecommunicationsms,[tfm=netstandard2.0;isPrerelease=true;customSource=https://pkgs.dev.azure.com/azure-sdk/public/_packaging/azure-sdk-for-net/nuget/v3/index.json]Azure.Communication.Sms,1.1.0-alpha.20241001.1
azurecomputebatch,[tfm=netstandard2.0;isPrerelease=true]Azure.Compute.Batch,1.0.0-beta.1
azurecontainerscontainerregistry,[isPrerelease=true;tfm=netstandard2.0;customSource=https://pkgs.dev.azure.com/azure-sdk/public/_packaging/azure-sdk-for-net/nuget/v3/index.json]Azure.Containers.ContainerRegistry,1.2.0-alpha.20241001.1
azurecore,[tfm=netstandard2.0;isPrerelease=true;customSource=https://pkgs.dev.azure.com/azure-sdk/public/_packaging/azure-sdk-for-net/nuget/v3/index.json]Azure.Core,1.44.0-alpha.20241001.1
azurecoreamqp,[tfm=netstandard2.0;isPrerelease=true;customSource=https://pkgs.dev.azure.com/azure-sdk/public/_packaging/azure-sdk-for-net/nuget/v3/index.json]Azure.Core.Amqp,1.4.0-alpha.20241001.1
azurecoreexperimental,[isPrerelease=true;tfm=netstandard2.0;customSource=https://pkgs.dev.azure.com/azure-sdk/public/_packaging/azure-sdk-for-net/nuget/v3/index.json]Azure.Core.Experimental,0.1.0-alpha.20241001.1
azurecoreexpressionsdatafactory,[isPrerelease=true;tfm=netstandard2.0;customSource=https://pkgs.dev.azure.com/azure-sdk/public/_packaging/azure-sdk-for-net/nuget/v3/index.json]Azure.Core.Expressions.DataFactory,1.1.0-alpha.20241001.1
azurecosmos,[isPrerelease=true;tfm=netstandard2.0]Azure.Cosmos,4.0.0-preview3
azuredataappconfiguration,[isPrerelease=true;tfm=netstandard2.0]Azure.Data.AppConfiguration,1.4.0-beta.1
azuredataschemaregistry,[isPrerelease=true;tfm=netstandard2.0]Azure.Data.SchemaRegistry,1.4.0-beta.2
azuredatatables,[tfm=netstandard2.0;isPrerelease=true;customSource=https://pkgs.dev.azure.com/azure-sdk/public/_packaging/azure-sdk-for-net/nuget/v3/index.json]Azure.Data.Tables,12.10.0-alpha.20241001.1
azuredeveloperdevcenter,[isPrerelease=true;tfm=netstandard2.0;customSource=https://pkgs.dev.azure.com/azure-sdk/public/_packaging/azure-sdk-for-net/nuget/v3/index.json]Azure.Developer.DevCenter,1.1.0-alpha.20241001.1
azuredeveloperloadtesting,[tfm=netstandard2.0;isPrerelease=true;customSource=https://pkgs.dev.azure.com/azure-sdk/public/_packaging/azure-sdk-for-net/nuget/v3/index.json]Azure.Developer.LoadTesting,1.1.0-alpha.20240930.1
azuredigitaltwinscore,[tfm=netstandard2.0;isPrerelease=true;customSource=https://pkgs.dev.azure.com/azure-sdk/public/_packaging/azure-sdk-for-net/nuget/v3/index.json]Azure.DigitalTwins.Core,1.6.0-alpha.20241001.1
azurehealthdeidentification,[tfm=netstandard2.0;isPrerelease=true;customSource=https://pkgs.dev.azure.com/azure-sdk/public/_packaging/azure-sdk-for-net/nuget/v3/index.json]Azure.Health.Deidentification,1.0.0-alpha.20240930.1
azurehealthinsightscancerprofiling,[tfm=netstandard2.0;isPrerelease=true;customSource=https://pkgs.dev.azure.com/azure-sdk/public/_packaging/azure-sdk-for-net/nuget/v3/index.json]Azure.Health.Insights.CancerProfiling,1.0.0-alpha.20241001.1
azurehealthinsightsclinicalmatching,[tfm=netstandard2.0;isPrerelease=true;customSource=https://pkgs.dev.azure.com/azure-sdk/public/_packaging/azure-sdk-for-net/nuget/v3/index.json]Azure.Health.Insights.ClinicalMatching,1.0.0-alpha.20241001.1
azurehealthinsightsradiologyinsights,[tfm=netstandard2.0;isPrerelease=true;customSource=https://pkgs.dev.azure.com/azure-sdk/public/_packaging/azure-sdk-for-net/nuget/v3/index.json]Azure.Health.Insights.RadiologyInsights,1.0.0-alpha.20241001.1
azureidentity,[tfm=netstandard2.0;isPrerelease=true;customSource=https://pkgs.dev.azure.com/azure-sdk/public/_packaging/azure-sdk-for-net/nuget/v3/index.json]Azure.Identity,1.13.0-alpha.20241001.3
azureidentitybroker,[tfm=netstandard2.0;isPrerelease=true;customSource=https://pkgs.dev.azure.com/azure-sdk/public/_packaging/azure-sdk-for-net/nuget/v3/index.json]Azure.Identity.Broker,1.2.0-alpha.20241001.3
azureiothubservice,[tfm=netstandard2.0;isPrerelease=true;customSource=https://pkgs.dev.azure.com/azure-sdk/public/_packaging/azure-sdk-for-net/nuget/v3/index.json]Azure.IoT.Hub.Service,1.0.0-alpha.20240930.1
azureiotmodelsrepository,[isPrerelease=true;tfm=netstandard2.0;customSource=https://pkgs.dev.azure.com/azure-sdk/public/_packaging/azure-sdk-for-net/nuget/v3/index.json]Azure.IoT.ModelsRepository,1.0.0-alpha.20240930.1
azureiottimeseriesinsights,[tfm=netstandard2.0;isPrerelease=true;customSource=https://pkgs.dev.azure.com/azure-sdk/public/_packaging/azure-sdk-for-net/nuget/v3/index.json]Azure.IoT.TimeSeriesInsights,1.0.0-alpha.20241001.1
azuremapscommon,[isPrerelease=true;tfm=netstandard2.0]Azure.Maps.Common,1.0.0-beta.4
azuremapsgeolocation,[isPrerelease=true;tfm=netstandard2.0]Azure.Maps.Geolocation,1.0.0-beta.2
azuremapsrendering,[isPrerelease=true;tfm=netstandard2.0]Azure.Maps.Rendering,2.0.0-beta.1
azuremapsrouting,[isPrerelease=true;tfm=netstandard2.0]Azure.Maps.Routing,1.0.0-beta.3
azuremapssearch,[isPrerelease=true;tfm=netstandard2.0]Azure.Maps.Search,2.0.0-beta.4
azuremediaanalyticsedge,[isPrerelease=true;tfm=netstandard2.0]Azure.Media.Analytics.Edge,1.0.0-beta.1
azuremediavideoanalyzeredge,[isPrerelease=true;tfm=netstandard2.0]Azure.Media.VideoAnalyzer.Edge,1.0.0-beta.6
azuremessagingeventgrid,[tfm=netstandard2.0;isPrerelease=true;customSource=https://pkgs.dev.azure.com/azure-sdk/public/_packaging/azure-sdk-for-net/nuget/v3/index.json]Azure.Messaging.EventGrid,4.27.0-alpha.20241001.1
azuremessagingeventgridnamespaces,[tfm=netstandard2.0;isPrerelease=true;customSource=https://pkgs.dev.azure.com/azure-sdk/public/_packaging/azure-sdk-for-net/nuget/v3/index.json]Azure.Messaging.EventGrid.Namespaces,1.1.0-alpha.20241001.1
azuremessagingeventhubs,[tfm=netstandard2.0;isPrerelease=true]Azure.Messaging.EventHubs,5.12.0-beta.1
azuremessagingeventhubsprocessor,[tfm=netstandard2.0;isPrerelease=true]Azure.Messaging.EventHubs.Processor,5.12.0-beta.1
azuremessagingservicebus,[tfm=netstandard2.0;isPrerelease=true;customSource=https://pkgs.dev.azure.com/azure-sdk/public/_packaging/azure-sdk-for-net/nuget/v3/index.json]Azure.Messaging.ServiceBus,7.19.0-alpha.20241001.1
azuremessagingwebpubsubclient,[isPrerelease=true;tfm=netstandard2.0]Azure.Messaging.WebPubSub.Client,1.0.0-beta.2
azuremixedrealityobjectanchorsconversion,[isPrerelease=true;tfm=netstandard2.0;customSource=https://pkgs.dev.azure.com/azure-sdk/public/_packaging/azure-sdk-for-net/nuget/v3/index.json]Azure.MixedReality.ObjectAnchors.Conversion,0.3.0-alpha.20241001.1
azuremixedrealityremoterendering,[tfm=netstandard2.0;isPrerelease=true;customSource=https://pkgs.dev.azure.com/azure-sdk/public/_packaging/azure-sdk-for-net/nuget/v3/index.json]Azure.MixedReality.RemoteRendering,1.2.1-alpha.20241001.1
azuremonitoringestion,[tfm=netstandard2.0;isPrerelease=true;customSource=https://pkgs.dev.azure.com/azure-sdk/public/_packaging/azure-sdk-for-net/nuget/v3/index.json]Azure.Monitor.Ingestion,1.2.0-alpha.20241001.1
azuremonitoropentelemetryaspnetcore,[tfm=netstandard2.0;isPrerelease=true;customSource=https://pkgs.dev.azure.com/azure-sdk/public/_packaging/azure-sdk-for-net/nuget/v3/index.json]Azure.Monitor.OpenTelemetry.AspNetCore,1.3.0-alpha.20241001.1
azuremonitoropentelemetryexporter,[tfm=netstandard2.0;isPrerelease=true;customSource=https://pkgs.dev.azure.com/azure-sdk/public/_packaging/azure-sdk-for-net/nuget/v3/index.json]Azure.Monitor.OpenTelemetry.Exporter,1.4.0-alpha.20241001.1
azuremonitorquery,[tfm=netstandard2.0;isPrerelease=true;customSource=https://pkgs.dev.azure.com/azure-sdk/public/_packaging/azure-sdk-for-net/nuget/v3/index.json]Azure.Monitor.Query,1.6.0-alpha.20241001.1
azureprovisioning,[tfm=netstandard2.0;isPrerelease=true]Azure.Provisioning,0.3.0
azureprovisioningappconfiguration,[tfm=netstandard2.0;isPrerelease=true]Azure.Provisioning.AppConfiguration,0.2.0
azureprovisioningapplicationinsights,[tfm=netstandard2.0;isPrerelease=true]Azure.Provisioning.ApplicationInsights,0.1.0
azureprovisioningcognitiveservices,[tfm=netstandard2.0;isPrerelease=true]Azure.Provisioning.CognitiveServices,0.2.0
azureprovisioningcosmosdb,[tfm=netstandard2.0;isPrerelease=true]Azure.Provisioning.CosmosDB,0.2.0-beta.1
azureprovisioningeventhubs,[tfm=netstandard2.0;isPrerelease=true]Azure.Provisioning.EventHubs,0.2.0-beta.1
azureprovisioningkeyvault,[tfm=netstandard2.0;isPrerelease=true]Azure.Provisioning.KeyVault,0.2.0
azureprovisioningoperationalinsights,[tfm=netstandard2.0;isPrerelease=true]Azure.Provisioning.OperationalInsights,0.2.0
azureprovisioningpostgresql,[tfm=netstandard2.0;isPrerelease=true]Azure.Provisioning.PostgreSql,0.2.0-beta.1
azureprovisioningredis,[tfm=netstandard2.0;isPrerelease=true]Azure.Provisioning.Redis,0.2.0
azureprovisioningresources,[tfm=netstandard2.0;isPrerelease=true]Azure.Provisioning.Resources,0.2.0
azureprovisioningsearch,[tfm=netstandard2.0;isPrerelease=true]Azure.Provisioning.Search,0.2.0-beta.1
azureprovisioningservicebus,[tfm=netstandard2.0;isPrerelease=true]Azure.Provisioning.ServiceBus,0.2.0-beta.1
azureprovisioningsignalr,[tfm=netstandard2.0;isPrerelease=true]Azure.Provisioning.SignalR,0.2.0
azureprovisioningsql,[tfm=netstandard2.0;isPrerelease=true]Azure.Provisioning.Sql,0.2.0-beta.1
azureprovisioningstorage,[tfm=netstandard2.0;isPrerelease=true]Azure.Provisioning.Storage,0.2.0
azureprovisioningwebpubsub,[tfm=netstandard2.0;isPrerelease=true]Azure.Provisioning.WebPubSub,0.1.0-beta.1
azurequantumjobs,[isPrerelease=true;tfm=netstandard2.0;customSource=https://pkgs.dev.azure.com/azure-sdk/public/_packaging/azure-sdk-for-net/nuget/v3/index.json]Azure.Quantum.Jobs,1.0.0-alpha.20241001.1
azureresourcemanager,[isPrerelease=true;tfm=netstandard2.0]Azure.ResourceManager,1.12.0-beta.1
azureresourcemanageradvisor,[isPrerelease=true;tfm=netstandard2.0]Azure.ResourceManager.Advisor,1.0.0-beta.4
azureresourcemanageragfoodplatform,[isPrerelease=true;tfm=netstandard2.0]Azure.ResourceManager.AgFoodPlatform,1.0.0-beta.4
azureresourcemanageralertsmanagement,[isPrerelease=true;tfm=netstandard2.0]Azure.ResourceManager.AlertsManagement,1.1.0-beta.1
azureresourcemanageranalysis,[isPrerelease=true;tfm=netstandard2.0;customSource=https://pkgs.dev.azure.com/azure-sdk/public/_packaging/azure-sdk-for-net/nuget/v3/index.json]Azure.ResourceManager.Analysis,1.2.0-alpha.20240930.1
azureresourcemanagerapicenter,[tfm=netstandard2.0;isPrerelease=true]Azure.ResourceManager.ApiCenter,1.0.0-beta.2
azureresourcemanagerapimanagement,[isPrerelease=true;tfm=netstandard2.0]Azure.ResourceManager.ApiManagement,1.3.0-beta.1
azureresourcemanagerappcomplianceautomation,[isPrerelease=true;tfm=netstandard2.0;customSource=https://pkgs.dev.azure.com/azure-sdk/public/_packaging/azure-sdk-for-net/nuget/v3/index.json]Azure.ResourceManager.AppComplianceAutomation,1.1.0-alpha.20240930.1
azureresourcemanagerappconfiguration,[isPrerelease=true;tfm=netstandard2.0]Azure.ResourceManager.AppConfiguration,1.1.0-beta.1
azureresourcemanagerappcontainers,[tfm=netstandard2.0;isPrerelease=true;customSource=https://pkgs.dev.azure.com/azure-sdk/public/_packaging/azure-sdk-for-net/nuget/v3/index.json]Azure.ResourceManager.AppContainers,1.4.0-alpha.20241001.1
azureresourcemanagerapplicationinsights,[isPrerelease=true;tfm=netstandard2.0;customSource=https://pkgs.dev.azure.com/azure-sdk/public/_packaging/azure-sdk-for-net/nuget/v3/index.json]Azure.ResourceManager.ApplicationInsights,1.1.0-alpha.20241001.1
azureresourcemanagerapplicationscontainers,[isPrerelease=true;tfm=netstandard2.0]Azure.ResourceManager.Applications.Containers,1.0.0-beta.1
azureresourcemanagerappplatform,[isPrerelease=true;tfm=netstandard2.0]Azure.ResourceManager.AppPlatform,1.1.0-beta.2
azureresourcemanagerappservice,[isPrerelease=true;tfm=netstandard2.0;customSource=https://pkgs.dev.azure.com/azure-sdk/public/_packaging/azure-sdk-for-net/nuget/v3/index.json]Azure.ResourceManager.AppService,1.3.0-alpha.20240930.1
azureresourcemanagerastro,[tfm=netstandard2.0;isPrerelease=true;customSource=https://pkgs.dev.azure.com/azure-sdk/public/_packaging/azure-sdk-for-net/nuget/v3/index.json]Azure.ResourceManager.Astro,1.0.0-alpha.20241001.1
azureresourcemanagerattestation,[isPrerelease=true;tfm=netstandard2.0;customSource=https://pkgs.dev.azure.com/azure-sdk/public/_packaging/azure-sdk-for-net/nuget/v3/index.json]Azure.ResourceManager.Attestation,1.0.0-alpha.20241001.1
azureresourcemanagerauthorization,[isPrerelease=true;tfm=netstandard2.0]Azure.ResourceManager.Authorization,1.1.0-beta.1
azureresourcemanagerautomanage,[isPrerelease=true;tfm=netstandard2.0;customSource=https://pkgs.dev.azure.com/azure-sdk/public/_packaging/azure-sdk-for-net/nuget/v3/index.json]Azure.ResourceManager.Automanage,1.2.0-alpha.20241001.1
azureresourcemanagerautomation,[isPrerelease=true;tfm=netstandard2.0;customSource=https://pkgs.dev.azure.com/azure-sdk/public/_packaging/azure-sdk-for-net/nuget/v3/index.json]Azure.ResourceManager.Automation,1.2.0-alpha.20240930.1
azureresourcemanageravs,[isPrerelease=true;tfm=netstandard2.0;customSource=https://pkgs.dev.azure.com/azure-sdk/public/_packaging/azure-sdk-for-net/nuget/v3/index.json]Azure.ResourceManager.Avs,1.4.0-alpha.20241001.1
azureresourcemanagerbatch,[tfm=netstandard2.0;isPrerelease=true;customSource=https://pkgs.dev.azure.com/azure-sdk/public/_packaging/azure-sdk-for-net/nuget/v3/index.json]Azure.ResourceManager.Batch,1.6.0-alpha.20241001.1
azureresourcemanagerbilling,[isPrerelease=true;tfm=netstandard2.0;customSource=https://pkgs.dev.azure.com/azure-sdk/public/_packaging/azure-sdk-for-net/nuget/v3/index.json]Azure.ResourceManager.Billing,1.3.0-alpha.20241001.1
azureresourcemanagerbillingbenefits,[isPrerelease=true;tfm=netstandard2.0;customSource=https://pkgs.dev.azure.com/azure-sdk/public/_packaging/azure-sdk-for-net/nuget/v3/index.json]Azure.ResourceManager.BillingBenefits,1.0.0-alpha.20240930.1
azureresourcemanagerblueprint,[isPrerelease=true;tfm=netstandard2.0]Azure.ResourceManager.Blueprint,1.0.0-beta.4
azureresourcemanagerbotservice,[isPrerelease=true;tfm=netstandard2.0;customSource=https://pkgs.dev.azure.com/azure-sdk/public/_packaging/azure-sdk-for-net/nuget/v3/index.json]Azure.ResourceManager.BotService,1.2.0-alpha.20241001.1
azureresourcemanagercdn,[isPrerelease=true;tfm=netstandard2.0;customSource=https://pkgs.dev.azure.com/azure-sdk/public/_packaging/azure-sdk-for-net/nuget/v3/index.json]Azure.ResourceManager.Cdn,1.4.0-alpha.20241001.1
azureresourcemanagerchangeanalysis,[isPrerelease=true;tfm=netstandard2.0;customSource=https://pkgs.dev.azure.com/azure-sdk/public/_packaging/azure-sdk-for-net/nuget/v3/index.json]Azure.ResourceManager.ChangeAnalysis,1.2.0-alpha.20241001.1
azureresourcemanagerchaos,[isPrerelease=true;tfm=netstandard2.0;customSource=https://pkgs.dev.azure.com/azure-sdk/public/_packaging/azure-sdk-for-net/nuget/v3/index.json]Azure.ResourceManager.Chaos,1.1.0-alpha.20241001.1
azureresourcemanagercommunication,[isPrerelease=true;tfm=netstandard2.0;customSource=https://pkgs.dev.azure.com/azure-sdk/public/_packaging/azure-sdk-for-net/nuget/v3/index.json]Azure.ResourceManager.Communication,1.3.0-alpha.20240930.1
azureresourcemanagercompute,[tfm=netstandard2.0;isPrerelease=true;customSource=https://pkgs.dev.azure.com/azure-sdk/public/_packaging/azure-sdk-for-net/nuget/v3/index.json]Azure.ResourceManager.Compute,1.7.0-alpha.20241001.1
azureresourcemanagercomputefleet,[tfm=netstandard2.0;isPrerelease=true]Azure.ResourceManager.ComputeFleet,1.0.0-beta.1
azureresourcemanagercomputeschedule,[tfm=netstandard2.0;isPrerelease=true;customSource=https://pkgs.dev.azure.com/azure-sdk/public/_packaging/azure-sdk-for-net/nuget/v3/index.json]Azure.ResourceManager.ComputeSchedule,1.0.0-alpha.20240930.1
azureresourcemanagerconfidentialledger,[isPrerelease=true;tfm=netstandard2.0;customSource=https://pkgs.dev.azure.com/azure-sdk/public/_packaging/azure-sdk-for-net/nuget/v3/index.json]Azure.ResourceManager.ConfidentialLedger,1.1.0-alpha.20240930.1
azureresourcemanagerconfluent,[isPrerelease=true;tfm=netstandard2.0;customSource=https://pkgs.dev.azure.com/azure-sdk/public/_packaging/azure-sdk-for-net/nuget/v3/index.json]Azure.ResourceManager.Confluent,1.3.0-alpha.20241001.1
azureresourcemanagerconnectedvmwarevsphere,[isPrerelease=true;tfm=netstandard2.0;customSource=https://pkgs.dev.azure.com/azure-sdk/public/_packaging/azure-sdk-for-net/nuget/v3/index.json]Azure.ResourceManager.ConnectedVMwarevSphere,1.2.0-alpha.20241001.1
azureresourcemanagerconsumption,[isPrerelease=true;tfm=netstandard2.0;customSource=https://pkgs.dev.azure.com/azure-sdk/public/_packaging/azure-sdk-for-net/nuget/v3/index.json]Azure.ResourceManager.Consumption,1.1.0-alpha.20241001.1
azureresourcemanagercontainerinstance,[isPrerelease=true;tfm=netstandard2.0;customSource=https://pkgs.dev.azure.com/azure-sdk/public/_packaging/azure-sdk-for-net/nuget/v3/index.json]Azure.ResourceManager.ContainerInstance,1.3.0-alpha.20241001.1
azureresourcemanagercontainerregistry,[isPrerelease=true;tfm=netstandard2.0;customSource=https://pkgs.dev.azure.com/azure-sdk/public/_packaging/azure-sdk-for-net/nuget/v3/index.json]Azure.ResourceManager.ContainerRegistry,1.3.0-alpha.20241001.1
azureresourcemanagercontainerservice,[isPrerelease=true;tfm=netstandard2.0]Azure.ResourceManager.ContainerService,1.2.0-beta.3
azureresourcemanagercontainerservicefleet,[tfm=netstandard2.0;isPrerelease=true;customSource=https://pkgs.dev.azure.com/azure-sdk/public/_packaging/azure-sdk-for-net/nuget/v3/index.json]Azure.ResourceManager.ContainerServiceFleet,1.1.0-alpha.20240930.1
azureresourcemanagercosmosdb,[isPrerelease=true;tfm=netstandard2.0]Azure.ResourceManager.CosmosDB,1.4.0-beta.10
azureresourcemanagercosmosdbforpostgresql,[tfm=netstandard2.0;isPrerelease=true]Azure.ResourceManager.CosmosDBForPostgreSql,1.1.0-beta.1
azureresourcemanagercustomerinsights,[isPrerelease=true;tfm=netstandard2.0;customSource=https://pkgs.dev.azure.com/azure-sdk/public/_packaging/azure-sdk-for-net/nuget/v3/index.json]Azure.ResourceManager.CustomerInsights,1.0.0-alpha.20241001.1
azureresourcemanagerdatabasefleetmanager,[tfm=netstandard2.0;isPrerelease=true]Azure.ResourceManager.DatabaseFleetManager,1.0.0-beta.1
azureresourcemanagerdatabox,[tfm=netstandard2.0;isPrerelease=true;customSource=https://pkgs.dev.azure.com/azure-sdk/public/_packaging/azure-sdk-for-net/nuget/v3/index.json]Azure.ResourceManager.DataBox,1.1.0-alpha.20240930.1
azureresourcemanagerdataboxedge,[isPrerelease=true;tfm=netstandard2.0]Azure.ResourceManager.DataBoxEdge,1.1.0-beta.1
azureresourcemanagerdatadog,[isPrerelease=true;tfm=netstandard2.0;customSource=https://pkgs.dev.azure.com/azure-sdk/public/_packaging/azure-sdk-for-net/nuget/v3/index.json]Azure.ResourceManager.Datadog,1.0.0-alpha.20241001.1
azureresourcemanagerdatafactory,[isPrerelease=true;tfm=netstandard2.0]Azure.ResourceManager.DataFactory,1.0.0-beta.6
azureresourcemanagerdatalakeanalytics,[isPrerelease=true;tfm=netstandard2.0;customSource=https://pkgs.dev.azure.com/azure-sdk/public/_packaging/azure-sdk-for-net/nuget/v3/index.json]Azure.ResourceManager.DataLakeAnalytics,1.2.0-alpha.20241001.1
azureresourcemanagerdatalakestore,[isPrerelease=true;tfm=netstandard2.0;customSource=https://pkgs.dev.azure.com/azure-sdk/public/_packaging/azure-sdk-for-net/nuget/v3/index.json]Azure.ResourceManager.DataLakeStore,1.2.0-alpha.20241001.1
azureresourcemanagerdatamigration,[isPrerelease=true;tfm=netstandard2.0;customSource=https://pkgs.dev.azure.com/azure-sdk/public/_packaging/azure-sdk-for-net/nuget/v3/index.json]Azure.ResourceManager.DataMigration,1.0.0-alpha.20240930.1
azureresourcemanagerdataprotectionbackup,[tfm=netstandard2.0;isPrerelease=true;customSource=https://pkgs.dev.azure.com/azure-sdk/public/_packaging/azure-sdk-for-net/nuget/v3/index.json]Azure.ResourceManager.DataProtectionBackup,1.6.0-alpha.20241001.1
azureresourcemanagerdatashare,[isPrerelease=true;tfm=netstandard2.0]Azure.ResourceManager.DataShare,1.1.0-beta.1
azureresourcemanagerdefendereasm,[tfm=netstandard2.0;isPrerelease=true;customSource=https://pkgs.dev.azure.com/azure-sdk/public/_packaging/azure-sdk-for-net/nuget/v3/index.json]Azure.ResourceManager.DefenderEasm,1.0.0-alpha.20241001.1
azureresourcemanagerdeploymentmanager,[isPrerelease=true;tfm=netstandard2.0]Azure.ResourceManager.DeploymentManager,1.0.0-beta.3
azureresourcemanagerdesktopvirtualization,[tfm=netstandard2.0;isPrerelease=true;customSource=https://pkgs.dev.azure.com/azure-sdk/public/_packaging/azure-sdk-for-net/nuget/v3/index.json]Azure.ResourceManager.DesktopVirtualization,1.4.0-alpha.20241001.1
azureresourcemanagerdeviceprovisioningservices,[isPrerelease=true;tfm=netstandard2.0;customSource=https://pkgs.dev.azure.com/azure-sdk/public/_packaging/azure-sdk-for-net/nuget/v3/index.json]Azure.ResourceManager.DeviceProvisioningServices,1.3.0-alpha.20241001.1
azureresourcemanagerdeviceregistry,[tfm=netstandard2.0;isPrerelease=true;customSource=https://pkgs.dev.azure.com/azure-sdk/public/_packaging/azure-sdk-for-net/nuget/v3/index.json]Azure.ResourceManager.DeviceRegistry,1.0.0-alpha.20240930.1
azureresourcemanagerdeviceupdate,[isPrerelease=true;tfm=netstandard2.0;customSource=https://pkgs.dev.azure.com/azure-sdk/public/_packaging/azure-sdk-for-net/nuget/v3/index.json]Azure.ResourceManager.DeviceUpdate,1.1.0-alpha.20240930.1
azureresourcemanagerdevopsinfrastructure,[tfm=netstandard2.0;isPrerelease=true;customSource=https://pkgs.dev.azure.com/azure-sdk/public/_packaging/azure-sdk-for-net/nuget/v3/index.json]Azure.ResourceManager.DevOpsInfrastructure,1.0.0-alpha.20241001.1
azureresourcemanagerdevspaces,[isPrerelease=true;tfm=netstandard2.0;customSource=https://pkgs.dev.azure.com/azure-sdk/public/_packaging/azure-sdk-for-net/nuget/v3/index.json]Azure.ResourceManager.DevSpaces,1.0.0-alpha.20240930.1
azureresourcemanagerdevtestlabs,[isPrerelease=true;tfm=netstandard2.0;customSource=https://pkgs.dev.azure.com/azure-sdk/public/_packaging/azure-sdk-for-net/nuget/v3/index.json]Azure.ResourceManager.DevTestLabs,1.2.0-alpha.20240930.1
azureresourcemanagerdigitaltwins,[isPrerelease=true;tfm=netstandard2.0;customSource=https://pkgs.dev.azure.com/azure-sdk/public/_packaging/azure-sdk-for-net/nuget/v3/index.json]Azure.ResourceManager.DigitalTwins,1.4.0-alpha.20240930.1
azureresourcemanagerdns,[isPrerelease=true;tfm=netstandard2.0;customSource=https://pkgs.dev.azure.com/azure-sdk/public/_packaging/azure-sdk-for-net/nuget/v3/index.json]Azure.ResourceManager.Dns,1.2.0-alpha.20241001.1
azureresourcemanagerdnsresolver,[isPrerelease=true;tfm=netstandard2.0;customSource=https://pkgs.dev.azure.com/azure-sdk/public/_packaging/azure-sdk-for-net/nuget/v3/index.json]Azure.ResourceManager.DnsResolver,1.2.0-alpha.20241001.1
azureresourcemanagerdynatrace,[isPrerelease=true;tfm=netstandard2.0;customSource=https://pkgs.dev.azure.com/azure-sdk/public/_packaging/azure-sdk-for-net/nuget/v3/index.json]Azure.ResourceManager.Dynatrace,1.2.0-alpha.20241001.1
azureresourcemanageredgeorder,[isPrerelease=true;tfm=netstandard2.0;customSource=https://pkgs.dev.azure.com/azure-sdk/public/_packaging/azure-sdk-for-net/nuget/v3/index.json]Azure.ResourceManager.EdgeOrder,1.2.0-alpha.20241001.1
azureresourcemanageredgezones,[tfm=netstandard2.0;isPrerelease=true;customSource=https://pkgs.dev.azure.com/azure-sdk/public/_packaging/azure-sdk-for-net/nuget/v3/index.json]Azure.ResourceManager.EdgeZones,1.0.0-alpha.20241001.1
azureresourcemanagerelastic,[isPrerelease=true;tfm=netstandard2.0;customSource=https://pkgs.dev.azure.com/azure-sdk/public/_packaging/azure-sdk-for-net/nuget/v3/index.json]Azure.ResourceManager.Elastic,1.0.0-alpha.20240930.1
azureresourcemanagerelasticsan,[isPrerelease=true;tfm=netstandard2.0;customSource=https://pkgs.dev.azure.com/azure-sdk/public/_packaging/azure-sdk-for-net/nuget/v3/index.json]Azure.ResourceManager.ElasticSan,1.2.0-alpha.20241001.1
azureresourcemanagerenergyservices,[tfm=netstandard2.0;isPrerelease=true;customSource=https://pkgs.dev.azure.com/azure-sdk/public/_packaging/azure-sdk-for-net/nuget/v3/index.json]Azure.ResourceManager.EnergyServices,1.0.0-alpha.20241001.1
azureresourcemanagereventgrid,[isPrerelease=true;tfm=netstandard2.0;customSource=https://pkgs.dev.azure.com/azure-sdk/public/_packaging/azure-sdk-for-net/nuget/v3/index.json]Azure.ResourceManager.EventGrid,1.1.0-alpha.20240930.1
azureresourcemanagereventhubs,[isPrerelease=true;tfm=netstandard2.0;customSource=https://pkgs.dev.azure.com/azure-sdk/public/_packaging/azure-sdk-for-net/nuget/v3/index.json]Azure.ResourceManager.EventHubs,1.2.0-alpha.20241001.1
azureresourcemanagerextendedlocation,[isPrerelease=true;tfm=netstandard2.0]Azure.ResourceManager.ExtendedLocation,1.0.0-beta.2
azureresourcemanagerextendedlocations,[isPrerelease=true;tfm=netstandard2.0;customSource=https://pkgs.dev.azure.com/azure-sdk/public/_packaging/azure-sdk-for-net/nuget/v3/index.json]Azure.ResourceManager.ExtendedLocations,1.2.0-alpha.20241001.1
azureresourcemanagerfabric,[tfm=netstandard2.0;isPrerelease=true;customSource=https://pkgs.dev.azure.com/azure-sdk/public/_packaging/azure-sdk-for-net/nuget/v3/index.json]Azure.ResourceManager.Fabric,1.0.0-alpha.20241001.1
azureresourcemanagerfluidrelay,[isPrerelease=true;tfm=netstandard2.0;customSource=https://pkgs.dev.azure.com/azure-sdk/public/_packaging/azure-sdk-for-net/nuget/v3/index.json]Azure.ResourceManager.FluidRelay,1.2.0-alpha.20241001.1
azureresourcemanagerfrontdoor,[isPrerelease=true;tfm=netstandard2.0;customSource=https://pkgs.dev.azure.com/azure-sdk/public/_packaging/azure-sdk-for-net/nuget/v3/index.json]Azure.ResourceManager.FrontDoor,1.4.0-alpha.20241001.1
azureresourcemanagergrafana,[isPrerelease=true;tfm=netstandard2.0;customSource=https://pkgs.dev.azure.com/azure-sdk/public/_packaging/azure-sdk-for-net/nuget/v3/index.json]Azure.ResourceManager.Grafana,1.2.0-alpha.20240930.1
azureresourcemanagergraphservices,[tfm=netstandard2.0;isPrerelease=true;customSource=https://pkgs.dev.azure.com/azure-sdk/public/_packaging/azure-sdk-for-net/nuget/v3/index.json]Azure.ResourceManager.GraphServices,1.2.0-alpha.20241001.1
azureresourcemanagerguestconfiguration,[isPrerelease=true;tfm=netstandard2.0;customSource=https://pkgs.dev.azure.com/azure-sdk/public/_packaging/azure-sdk-for-net/nuget/v3/index.json]Azure.ResourceManager.GuestConfiguration,1.3.0-alpha.20241001.1
azureresourcemanagerhardwaresecuritymodules,[tfm=netstandard2.0;isPrerelease=true;customSource=https://pkgs.dev.azure.com/azure-sdk/public/_packaging/azure-sdk-for-net/nuget/v3/index.json]Azure.ResourceManager.HardwareSecurityModules,1.0.0-alpha.20240930.1
azureresourcemanagerhci,[tfm=netstandard2.0;isPrerelease=true;customSource=https://pkgs.dev.azure.com/azure-sdk/public/_packaging/azure-sdk-for-net/nuget/v3/index.json]Azure.ResourceManager.Hci,1.3.0-alpha.20240930.1
azureresourcemanagerhdinsight,[isPrerelease=true;tfm=netstandard2.0;customSource=https://pkgs.dev.azure.com/azure-sdk/public/_packaging/azure-sdk-for-net/nuget/v3/index.json]Azure.ResourceManager.HDInsight,1.2.0-alpha.20241001.1
azureresourcemanagerhdinsightcontainers,[tfm=netstandard2.0;isPrerelease=true;customSource=https://pkgs.dev.azure.com/azure-sdk/public/_packaging/azure-sdk-for-net/nuget/v3/index.json]Azure.ResourceManager.HDInsight.Containers,1.0.0-alpha.20241001.1
azureresourcemanagerhealthbot,[tfm=netstandard2.0;isPrerelease=true]Azure.ResourceManager.HealthBot,1.1.0-beta.1
azureresourcemanagerhealthcareapis,[isPrerelease=true;tfm=netstandard2.0;customSource=https://pkgs.dev.azure.com/azure-sdk/public/_packaging/azure-sdk-for-net/nuget/v3/index.json]Azure.ResourceManager.HealthcareApis,1.4.0-alpha.20241001.1
azureresourcemanagerhealthdataaiservices,[tfm=netstandard2.0;isPrerelease=true;customSource=https://pkgs.dev.azure.com/azure-sdk/public/_packaging/azure-sdk-for-net/nuget/v3/index.json]Azure.ResourceManager.HealthDataAIServices,1.0.0-alpha.20241001.1
azureresourcemanagerhybridcompute,[isPrerelease=true;tfm=netstandard2.0;customSource=https://pkgs.dev.azure.com/azure-sdk/public/_packaging/azure-sdk-for-net/nuget/v3/index.json]Azure.ResourceManager.HybridCompute,1.0.0-alpha.20240930.1
azureresourcemanagerhybridconnectivity,[isPrerelease=true;tfm=netstandard2.0;customSource=https://pkgs.dev.azure.com/azure-sdk/public/_packaging/azure-sdk-for-net/nuget/v3/index.json]Azure.ResourceManager.HybridConnectivity,1.0.0-alpha.20241001.1
azureresourcemanagerhybridcontainerservice,[tfm=netstandard2.0;isPrerelease=true;customSource=https://pkgs.dev.azure.com/azure-sdk/public/_packaging/azure-sdk-for-net/nuget/v3/index.json]Azure.ResourceManager.HybridContainerService,1.1.0-alpha.20241001.1
azureresourcemanagerhybridnetwork,[tfm=netstandard2.0;isPrerelease=true;customSource=https://pkgs.dev.azure.com/azure-sdk/public/_packaging/azure-sdk-for-net/nuget/v3/index.json]Azure.ResourceManager.HybridNetwork,1.0.0-alpha.20240930.1
azureresourcemanagerinformaticadatamanagement,[tfm=netstandard2.0;isPrerelease=true;customSource=https://pkgs.dev.azure.com/azure-sdk/public/_packaging/azure-sdk-for-net/nuget/v3/index.json]Azure.ResourceManager.InformaticaDataManagement,1.0.0-alpha.20241001.1
azureresourcemanageriotcentral,[isPrerelease=true;tfm=netstandard2.0;customSource=https://pkgs.dev.azure.com/azure-sdk/public/_packaging/azure-sdk-for-net/nuget/v3/index.json]Azure.ResourceManager.IotCentral,1.1.0-alpha.20241001.1
azureresourcemanageriotfirmwaredefense,[tfm=netstandard2.0;isPrerelease=true]Azure.ResourceManager.IotFirmwareDefense,1.0.0-beta.2
azureresourcemanageriothub,[tfm=netstandard2.0;isPrerelease=true;customSource=https://pkgs.dev.azure.com/azure-sdk/public/_packaging/azure-sdk-for-net/nuget/v3/index.json]Azure.ResourceManager.IotHub,1.2.0-alpha.20240930.1
azureresourcemanagerkeyvault,[isPrerelease=true;tfm=netstandard2.0]Azure.ResourceManager.KeyVault,1.2.0-beta.2
azureresourcemanagerkubernetes,[isPrerelease=true;tfm=netstandard2.0;customSource=https://pkgs.dev.azure.com/azure-sdk/public/_packaging/azure-sdk-for-net/nuget/v3/index.json]Azure.ResourceManager.Kubernetes,1.0.0-alpha.20240930.1
azureresourcemanagerkubernetesconfiguration,[isPrerelease=true;tfm=netstandard2.0;customSource=https://pkgs.dev.azure.com/azure-sdk/public/_packaging/azure-sdk-for-net/nuget/v3/index.json]Azure.ResourceManager.KubernetesConfiguration,1.3.0-alpha.20240930.1
azureresourcemanagerkusto,[tfm=netstandard2.0;isPrerelease=true;customSource=https://pkgs.dev.azure.com/azure-sdk/public/_packaging/azure-sdk-for-net/nuget/v3/index.json]Azure.ResourceManager.Kusto,1.6.0-alpha.20241001.1
azureresourcemanagerlabservices,[isPrerelease=true;tfm=netstandard2.0;customSource=https://pkgs.dev.azure.com/azure-sdk/public/_packaging/azure-sdk-for-net/nuget/v3/index.json]Azure.ResourceManager.LabServices,1.2.0-alpha.20241001.1
azureresourcemanagerlargeinstance,[tfm=netstandard2.0;isPrerelease=true;customSource=https://pkgs.dev.azure.com/azure-sdk/public/_packaging/azure-sdk-for-net/nuget/v3/index.json]Azure.ResourceManager.LargeInstance,1.0.0-alpha.20241001.1
azureresourcemanagerloadtesting,[isPrerelease=true;tfm=netstandard2.0;customSource=https://pkgs.dev.azure.com/azure-sdk/public/_packaging/azure-sdk-for-net/nuget/v3/index.json]Azure.ResourceManager.LoadTesting,1.2.0-alpha.20240930.1
azureresourcemanagerlogic,[isPrerelease=true;tfm=netstandard2.0;customSource=https://pkgs.dev.azure.com/azure-sdk/public/_packaging/azure-sdk-for-net/nuget/v3/index.json]Azure.ResourceManager.Logic,1.2.0-alpha.20241001.1
azureresourcemanagermachinelearning,[isPrerelease=true;tfm=netstandard2.0;customSource=https://pkgs.dev.azure.com/azure-sdk/public/_packaging/azure-sdk-for-net/nuget/v3/index.json]Azure.ResourceManager.MachineLearning,1.3.0-alpha.20240930.1
azureresourcemanagermachinelearningcompute,[isPrerelease=true;tfm=netstandard2.0;customSource=https://pkgs.dev.azure.com/azure-sdk/public/_packaging/azure-sdk-for-net/nuget/v3/index.json]Azure.ResourceManager.MachineLearningCompute,1.0.0-alpha.20240930.1
azureresourcemanagermaintenance,[isPrerelease=true;tfm=netstandard2.0;customSource=https://pkgs.dev.azure.com/azure-sdk/public/_packaging/azure-sdk-for-net/nuget/v3/index.json]Azure.ResourceManager.Maintenance,1.2.0-alpha.20240930.1
azureresourcemanagermanagednetwork,[isPrerelease=true;tfm=netstandard2.0;customSource=https://pkgs.dev.azure.com/azure-sdk/public/_packaging/azure-sdk-for-net/nuget/v3/index.json]Azure.ResourceManager.ManagedNetwork,1.0.0-alpha.20240930.1
azureresourcemanagermanagedserviceidentities,[isPrerelease=true;tfm=netstandard2.0;customSource=https://pkgs.dev.azure.com/azure-sdk/public/_packaging/azure-sdk-for-net/nuget/v3/index.json]Azure.ResourceManager.ManagedServiceIdentities,1.3.0-alpha.20241001.1
azureresourcemanagermanagedservices,[isPrerelease=true;tfm=netstandard2.0;customSource=https://pkgs.dev.azure.com/azure-sdk/public/_packaging/azure-sdk-for-net/nuget/v3/index.json]Azure.ResourceManager.ManagedServices,1.2.0-alpha.20240930.1
azureresourcemanagermanagementpartner,[isPrerelease=true;tfm=netstandard2.0;customSource=https://pkgs.dev.azure.com/azure-sdk/public/_packaging/azure-sdk-for-net/nuget/v3/index.json]Azure.ResourceManager.ManagementPartner,1.0.0-alpha.20240930.1
azureresourcemanagermaps,[isPrerelease=true;tfm=netstandard2.0;customSource=https://pkgs.dev.azure.com/azure-sdk/public/_packaging/azure-sdk-for-net/nuget/v3/index.json]Azure.ResourceManager.Maps,1.1.0-alpha.20240930.1
azureresourcemanagermarketplace,[tfm=netstandard2.0;isPrerelease=true;customSource=https://pkgs.dev.azure.com/azure-sdk/public/_packaging/azure-sdk-for-net/nuget/v3/index.json]Azure.ResourceManager.Marketplace,1.2.0-alpha.20241001.1
azureresourcemanagermarketplaceordering,[isPrerelease=true;tfm=netstandard2.0;customSource=https://pkgs.dev.azure.com/azure-sdk/public/_packaging/azure-sdk-for-net/nuget/v3/index.json]Azure.ResourceManager.MarketplaceOrdering,1.2.0-alpha.20240930.1
azureresourcemanagermedia,[isPrerelease=true;tfm=netstandard2.0;customSource=https://pkgs.dev.azure.com/azure-sdk/public/_packaging/azure-sdk-for-net/nuget/v3/index.json]Azure.ResourceManager.Media,1.4.0-alpha.20241001.1
azureresourcemanagermigrate,[isPrerelease=true;tfm=netstandard2.0]Azure.ResourceManager.Migrate,1.0.0-beta.1
azureresourcemanagermigrationdiscoverysap,[tfm=netstandard2.0;isPrerelease=true]Azure.ResourceManager.MigrationDiscoverySap,1.0.0-beta.1
azureresourcemanagermixedreality,[isPrerelease=true;tfm=netstandard2.0;customSource=https://pkgs.dev.azure.com/azure-sdk/public/_packaging/azure-sdk-for-net/nuget/v3/index.json]Azure.ResourceManager.MixedReality,1.2.0-alpha.20241001.1
azureresourcemanagermongocluster,[tfm=netstandard2.0;isPrerelease=true;customSource=https://pkgs.dev.azure.com/azure-sdk/public/_packaging/azure-sdk-for-net/nuget/v3/index.json]Azure.ResourceManager.MongoCluster,1.0.0-alpha.20241001.1
azureresourcemanagermonitor,[isPrerelease=true;tfm=netstandard2.0;customSource=https://pkgs.dev.azure.com/azure-sdk/public/_packaging/azure-sdk-for-net/nuget/v3/index.json]Azure.ResourceManager.Monitor,1.4.0-alpha.20240930.1
azureresourcemanagermysql,[isPrerelease=true;tfm=netstandard2.0;customSource=https://pkgs.dev.azure.com/azure-sdk/public/_packaging/azure-sdk-for-net/nuget/v3/index.json]Azure.ResourceManager.MySql,1.2.0-alpha.20240930.1
azureresourcemanagernetapp,[tfm=netstandard2.0;isPrerelease=true;customSource=https://pkgs.dev.azure.com/azure-sdk/public/_packaging/azure-sdk-for-net/nuget/v3/index.json]Azure.ResourceManager.NetApp,1.8.0-alpha.20241001.1
azureresourcemanagernetwork,[tfm=netstandard2.0;isPrerelease=true;customSource=https://pkgs.dev.azure.com/azure-sdk/public/_packaging/azure-sdk-for-net/nuget/v3/index.json]Azure.ResourceManager.Network,1.10.0-alpha.20241001.1
azureresourcemanagernetworkanalytics,[tfm=netstandard2.0;isPrerelease=true;customSource=https://pkgs.dev.azure.com/azure-sdk/public/_packaging/azure-sdk-for-net/nuget/v3/index.json]Azure.ResourceManager.NetworkAnalytics,1.1.0-alpha.20241001.1
azureresourcemanagernetworkcloud,[tfm=netstandard2.0;isPrerelease=true;customSource=https://pkgs.dev.azure.com/azure-sdk/public/_packaging/azure-sdk-for-net/nuget/v3/index.json]Azure.ResourceManager.NetworkCloud,1.1.0-alpha.20241001.1
azureresourcemanagernetworkfunction,[isPrerelease=true;tfm=netstandard2.0]Azure.ResourceManager.NetworkFunction,1.0.0-beta.4
azureresourcemanagernewrelicobservability,[tfm=netstandard2.0;isPrerelease=true;customSource=https://pkgs.dev.azure.com/azure-sdk/public/_packaging/azure-sdk-for-net/nuget/v3/index.json]Azure.ResourceManager.NewRelicObservability,1.2.0-alpha.20240930.1
azureresourcemanagernginx,[isPrerelease=true;tfm=netstandard2.0]Azure.ResourceManager.Nginx,1.1.0-beta.1
azureresourcemanagernotificationhubs,[isPrerelease=true;tfm=netstandard2.0;customSource=https://pkgs.dev.azure.com/azure-sdk/public/_packaging/azure-sdk-for-net/nuget/v3/index.json]Azure.ResourceManager.NotificationHubs,1.2.0-alpha.20240930.1
azureresourcemanageroperationalinsights,[isPrerelease=true;tfm=netstandard2.0;customSource=https://pkgs.dev.azure.com/azure-sdk/public/_packaging/azure-sdk-for-net/nuget/v3/index.json]Azure.ResourceManager.OperationalInsights,1.3.0-alpha.20240930.1
azureresourcemanageroracledatabase,[tfm=netstandard2.0;isPrerelease=true;customSource=https://pkgs.dev.azure.com/azure-sdk/public/_packaging/azure-sdk-for-net/nuget/v3/index.json]Azure.ResourceManager.OracleDatabase,1.1.0-alpha.20241001.1
azureresourcemanagerorbital,[isPrerelease=true;tfm=netstandard2.0;customSource=https://pkgs.dev.azure.com/azure-sdk/public/_packaging/azure-sdk-for-net/nuget/v3/index.json]Azure.ResourceManager.Orbital,1.2.0-alpha.20241001.1
azureresourcemanagerpaloaltonetworksngfw,[tfm=netstandard2.0;isPrerelease=true;customSource=https://pkgs.dev.azure.com/azure-sdk/public/_packaging/azure-sdk-for-net/nuget/v3/index.json]Azure.ResourceManager.PaloAltoNetworks.Ngfw,1.2.0-alpha.20240930.1
azureresourcemanagerpeering,[isPrerelease=true;tfm=netstandard2.0;customSource=https://pkgs.dev.azure.com/azure-sdk/public/_packaging/azure-sdk-for-net/nuget/v3/index.json]Azure.ResourceManager.Peering,1.3.0-alpha.20240930.1
azureresourcemanagerplaywrighttesting,[tfm=netstandard2.0;isPrerelease=true;customSource=https://pkgs.dev.azure.com/azure-sdk/public/_packaging/azure-sdk-for-net/nuget/v3/index.json]Azure.ResourceManager.PlaywrightTesting,1.0.0-alpha.20241001.1
azureresourcemanagerpolicyinsights,[isPrerelease=true;tfm=netstandard2.0;customSource=https://pkgs.dev.azure.com/azure-sdk/public/_packaging/azure-sdk-for-net/nuget/v3/index.json]Azure.ResourceManager.PolicyInsights,1.3.0-alpha.20241001.1
azureresourcemanagerpostgresql,[isPrerelease=true;tfm=netstandard2.0;customSource=https://pkgs.dev.azure.com/azure-sdk/public/_packaging/azure-sdk-for-net/nuget/v3/index.json]Azure.ResourceManager.PostgreSql,1.2.0-alpha.20240930.1
azureresourcemanagerpowerbidedicated,[isPrerelease=true;tfm=netstandard2.0;customSource=https://pkgs.dev.azure.com/azure-sdk/public/_packaging/azure-sdk-for-net/nuget/v3/index.json]Azure.ResourceManager.PowerBIDedicated,1.0.0-alpha.20241001.1
azureresourcemanagerprivatedns,[isPrerelease=true;tfm=netstandard2.0;customSource=https://pkgs.dev.azure.com/azure-sdk/public/_packaging/azure-sdk-for-net/nuget/v3/index.json]Azure.ResourceManager.PrivateDns,1.3.0-alpha.20241001.1
azureresourcemanagerproviderhub,[isPrerelease=true;tfm=netstandard2.0;customSource=https://pkgs.dev.azure.com/azure-sdk/public/_packaging/azure-sdk-for-net/nuget/v3/index.json]Azure.ResourceManager.ProviderHub,1.2.0-alpha.20241001.1
azureresourcemanagerpurview,[isPrerelease=true;tfm=netstandard2.0;customSource=https://pkgs.dev.azure.com/azure-sdk/public/_packaging/azure-sdk-for-net/nuget/v3/index.json]Azure.ResourceManager.Purview,1.2.0-alpha.20241001.1
azureresourcemanagerquantum,[isPrerelease=true;tfm=netstandard2.0;customSource=https://pkgs.dev.azure.com/azure-sdk/public/_packaging/azure-sdk-for-net/nuget/v3/index.json]Azure.ResourceManager.Quantum,1.0.0-alpha.20241001.1
azureresourcemanagerqumulo,[tfm=netstandard2.0;isPrerelease=true;customSource=https://pkgs.dev.azure.com/azure-sdk/public/_packaging/azure-sdk-for-net/nuget/v3/index.json]Azure.ResourceManager.Qumulo,1.2.0-alpha.20241001.1
azureresourcemanagerquota,[tfm=netstandard2.0;isPrerelease=true;customSource=https://pkgs.dev.azure.com/azure-sdk/public/_packaging/azure-sdk-for-net/nuget/v3/index.json]Azure.ResourceManager.Quota,1.1.0-alpha.20241001.1
azureresourcemanagerrecoveryservices,[tfm=netstandard2.0;isPrerelease=true;customSource=https://pkgs.dev.azure.com/azure-sdk/public/_packaging/azure-sdk-for-net/nuget/v3/index.json]Azure.ResourceManager.RecoveryServices,1.2.0-alpha.20241001.1
azureresourcemanagerrecoveryservicesbackup,[tfm=netstandard2.0;isPrerelease=true;customSource=https://pkgs.dev.azure.com/azure-sdk/public/_packaging/azure-sdk-for-net/nuget/v3/index.json]Azure.ResourceManager.RecoveryServicesBackup,1.3.0-alpha.20241001.1
azureresourcemanagerrecoveryservicesdatareplication,[tfm=netstandard2.0;isPrerelease=true]Azure.ResourceManager.RecoveryServicesDataReplication,1.0.0-beta.2
azureresourcemanagerrecoveryservicessiterecovery,[tfm=netstandard2.0;isPrerelease=true;customSource=https://pkgs.dev.azure.com/azure-sdk/public/_packaging/azure-sdk-for-net/nuget/v3/index.json]Azure.ResourceManager.RecoveryServicesSiteRecovery,1.3.0-alpha.20241001.1
azureresourcemanagerredis,[tfm=netstandard2.0;isPrerelease=true;customSource=https://pkgs.dev.azure.com/azure-sdk/public/_packaging/azure-sdk-for-net/nuget/v3/index.json]Azure.ResourceManager.Redis,1.5.0-alpha.20241001.1
azureresourcemanagerredisenterprise,[isPrerelease=true;tfm=netstandard2.0;customSource=https://pkgs.dev.azure.com/azure-sdk/public/_packaging/azure-sdk-for-net/nuget/v3/index.json]Azure.ResourceManager.RedisEnterprise,1.2.0-alpha.20240930.1
azureresourcemanagerredisenterprisecache,[isPrerelease=true;tfm=netstandard2.0]Azure.ResourceManager.RedisEnterpriseCache,1.0.0-beta.1
azureresourcemanagerrelay,[isPrerelease=true;tfm=netstandard2.0;customSource=https://pkgs.dev.azure.com/azure-sdk/public/_packaging/azure-sdk-for-net/nuget/v3/index.json]Azure.ResourceManager.Relay,1.3.0-alpha.20241001.1
azureresourcemanagerreservations,[isPrerelease=true;tfm=netstandard2.0]Azure.ResourceManager.Reservations,1.4.0-beta.1
azureresourcemanagerresourceconnector,[tfm=netstandard2.0;isPrerelease=true;customSource=https://pkgs.dev.azure.com/azure-sdk/public/_packaging/azure-sdk-for-net/nuget/v3/index.json]Azure.ResourceManager.ResourceConnector,1.0.0-alpha.20240930.1
azureresourcemanagerresourcegraph,[isPrerelease=true;tfm=netstandard2.0]Azure.ResourceManager.ResourceGraph,1.1.0-beta.2
azureresourcemanagerresourcehealth,[tfm=netstandard2.0;isPrerelease=true;customSource=https://pkgs.dev.azure.com/azure-sdk/public/_packaging/azure-sdk-for-net/nuget/v3/index.json]Azure.ResourceManager.ResourceHealth,1.1.0-alpha.20241001.1
azureresourcemanagerresourcemover,[isPrerelease=true;tfm=netstandard2.0;customSource=https://pkgs.dev.azure.com/azure-sdk/public/_packaging/azure-sdk-for-net/nuget/v3/index.json]Azure.ResourceManager.ResourceMover,1.1.2-alpha.20241001.1
azureresourcemanagerresources,[isPrerelease=true;tfm=netstandard2.0]Azure.ResourceManager.Resources,1.7.0-beta.1
azureresourcemanagerscvmm,[tfm=netstandard2.0;isPrerelease=true;customSource=https://pkgs.dev.azure.com/azure-sdk/public/_packaging/azure-sdk-for-net/nuget/v3/index.json]Azure.ResourceManager.ScVmm,1.0.0-alpha.20240930.1
azureresourcemanagersearch,[isPrerelease=true;tfm=netstandard2.0]Azure.ResourceManager.Search,1.3.0-beta.3
azureresourcemanagersecuritycenter,[isPrerelease=true;tfm=netstandard2.0]Azure.ResourceManager.SecurityCenter,1.2.0-beta.5
azureresourcemanagersecuritydevops,[isPrerelease=true;tfm=netstandard2.0;customSource=https://pkgs.dev.azure.com/azure-sdk/public/_packaging/azure-sdk-for-net/nuget/v3/index.json]Azure.ResourceManager.SecurityDevOps,1.0.0-alpha.20241001.1
azureresourcemanagersecurityinsights,[isPrerelease=true;tfm=netstandard2.0;customSource=https://pkgs.dev.azure.com/azure-sdk/public/_packaging/azure-sdk-for-net/nuget/v3/index.json]Azure.ResourceManager.SecurityInsights,1.2.0-alpha.20241001.1
azureresourcemanagerselfhelp,[tfm=netstandard2.0;isPrerelease=true;customSource=https://pkgs.dev.azure.com/azure-sdk/public/_packaging/azure-sdk-for-net/nuget/v3/index.json]Azure.ResourceManager.SelfHelp,1.1.0-alpha.20240930.1
azureresourcemanagerservicebus,[isPrerelease=true;tfm=netstandard2.0]Azure.ResourceManager.ServiceBus,1.1.0-beta.7
azureresourcemanagerservicefabric,[isPrerelease=true;tfm=netstandard2.0]Azure.ResourceManager.ServiceFabric,1.2.0-beta.1
azureresourcemanagerservicefabricmanagedclusters,[isPrerelease=true;tfm=netstandard2.0;customSource=https://pkgs.dev.azure.com/azure-sdk/public/_packaging/azure-sdk-for-net/nuget/v3/index.json]Azure.ResourceManager.ServiceFabricManagedClusters,1.3.0-alpha.20240930.1
azureresourcemanagerservicelinker,[isPrerelease=true;tfm=netstandard2.0;customSource=https://pkgs.dev.azure.com/azure-sdk/public/_packaging/azure-sdk-for-net/nuget/v3/index.json]Azure.ResourceManager.ServiceLinker,1.2.0-alpha.20241001.1
azureresourcemanagerservicenetworking,[tfm=netstandard2.0;isPrerelease=true;customSource=https://pkgs.dev.azure.com/azure-sdk/public/_packaging/azure-sdk-for-net/nuget/v3/index.json]Azure.ResourceManager.ServiceNetworking,1.1.0-alpha.20240930.1
azureresourcemanagersignalr,[isPrerelease=true;tfm=netstandard2.0;customSource=https://pkgs.dev.azure.com/azure-sdk/public/_packaging/azure-sdk-for-net/nuget/v3/index.json]Azure.ResourceManager.SignalR,1.2.0-alpha.20241001.1
azureresourcemanagersphere,[tfm=netstandard2.0;isPrerelease=true;customSource=https://pkgs.dev.azure.com/azure-sdk/public/_packaging/azure-sdk-for-net/nuget/v3/index.json]Azure.ResourceManager.Sphere,1.1.0-alpha.20241001.1
azureresourcemanagerspringappdiscovery,[tfm=netstandard2.0;isPrerelease=true;customSource=https://pkgs.dev.azure.com/azure-sdk/public/_packaging/azure-sdk-for-net/nuget/v3/index.json]Azure.ResourceManager.SpringAppDiscovery,1.0.0-alpha.20241001.1
azureresourcemanagersql,[isPrerelease=true;tfm=netstandard2.0]Azure.ResourceManager.Sql,1.3.0-beta.9
azureresourcemanagersqlvirtualmachine,[isPrerelease=true;tfm=netstandard2.0;customSource=https://pkgs.dev.azure.com/azure-sdk/public/_packaging/azure-sdk-for-net/nuget/v3/index.json]Azure.ResourceManager.SqlVirtualMachine,1.2.0-alpha.20240930.1
azureresourcemanagerstandbypool,[tfm=netstandard2.0;isPrerelease=true;customSource=https://pkgs.dev.azure.com/azure-sdk/public/_packaging/azure-sdk-for-net/nuget/v3/index.json]Azure.ResourceManager.StandbyPool,1.1.0-alpha.20241001.1
azureresourcemanagerstorage,[isPrerelease=true;tfm=netstandard2.0;customSource=https://pkgs.dev.azure.com/azure-sdk/public/_packaging/azure-sdk-for-net/nuget/v3/index.json]Azure.ResourceManager.Storage,1.4.0-alpha.20240930.1
azureresourcemanagerstorageactions,[tfm=netstandard2.0;isPrerelease=true;customSource=https://pkgs.dev.azure.com/azure-sdk/public/_packaging/azure-sdk-for-net/nuget/v3/index.json]Azure.ResourceManager.StorageActions,1.0.0-alpha.20241001.1
azureresourcemanagerstoragecache,[isPrerelease=true;tfm=netstandard2.0;customSource=https://pkgs.dev.azure.com/azure-sdk/public/_packaging/azure-sdk-for-net/nuget/v3/index.json]Azure.ResourceManager.StorageCache,1.4.0-alpha.20241001.1
azureresourcemanagerstoragemover,[isPrerelease=true;tfm=netstandard2.0]Azure.ResourceManager.StorageMover,1.1.0-beta.2
azureresourcemanagerstoragepool,[isPrerelease=true;tfm=netstandard2.0;customSource=https://pkgs.dev.azure.com/azure-sdk/public/_packaging/azure-sdk-for-net/nuget/v3/index.json]Azure.ResourceManager.StoragePool,1.2.0-alpha.20240930.1
azureresourcemanagerstoragesync,[isPrerelease=true;tfm=netstandard2.0;customSource=https://pkgs.dev.azure.com/azure-sdk/public/_packaging/azure-sdk-for-net/nuget/v3/index.json]Azure.ResourceManager.StorageSync,1.3.0-alpha.20241001.1
azureresourcemanagerstreamanalytics,[isPrerelease=true;tfm=netstandard2.0]Azure.ResourceManager.StreamAnalytics,1.2.0-beta.1
azureresourcemanagersubscription,[isPrerelease=true;tfm=netstandard2.0;customSource=https://pkgs.dev.azure.com/azure-sdk/public/_packaging/azure-sdk-for-net/nuget/v3/index.json]Azure.ResourceManager.Subscription,1.2.0-alpha.20240930.1
azureresourcemanagersupport,[isPrerelease=true;tfm=netstandard2.0;customSource=https://pkgs.dev.azure.com/azure-sdk/public/_packaging/azure-sdk-for-net/nuget/v3/index.json]Azure.ResourceManager.Support,1.2.0-alpha.20240930.1
azureresourcemanagersynapse,[isPrerelease=true;tfm=netstandard2.0;customSource=https://pkgs.dev.azure.com/azure-sdk/public/_packaging/azure-sdk-for-net/nuget/v3/index.json]Azure.ResourceManager.Synapse,1.3.0-alpha.20241001.1
azureresourcemanagertrustedsigning,[tfm=netstandard2.0;isPrerelease=true;customSource=https://pkgs.dev.azure.com/azure-sdk/public/_packaging/azure-sdk-for-net/nuget/v3/index.json]Azure.ResourceManager.TrustedSigning,1.0.0-alpha.20241001.1
azureresourcemanagervoiceservices,[tfm=netstandard2.0;isPrerelease=true;customSource=https://pkgs.dev.azure.com/azure-sdk/public/_packaging/azure-sdk-for-net/nuget/v3/index.json]Azure.ResourceManager.VoiceServices,1.1.0-alpha.20241001.1
azureresourcemanagerwebpubsub,[isPrerelease=true;tfm=netstandard2.0;customSource=https://pkgs.dev.azure.com/azure-sdk/public/_packaging/azure-sdk-for-net/nuget/v3/index.json]Azure.ResourceManager.WebPubSub,1.2.0-alpha.20240930.1
azureresourcemanagerworkloadmonitor,[isPrerelease=true;tfm=netstandard2.0;customSource=https://pkgs.dev.azure.com/azure-sdk/public/_packaging/azure-sdk-for-net/nuget/v3/index.json]Azure.ResourceManager.WorkloadMonitor,1.0.0-alpha.20241001.1
azureresourcemanagerworkloads,[isPrerelease=true;tfm=netstandard2.0;customSource=https://pkgs.dev.azure.com/azure-sdk/public/_packaging/azure-sdk-for-net/nuget/v3/index.json]Azure.ResourceManager.Workloads,1.2.0-alpha.20241001.1
azuresearchdocuments,[isPrerelease=true;tfm=netstandard2.0;customSource=https://pkgs.dev.azure.com/azure-sdk/public/_packaging/azure-sdk-for-net/nuget/v3/index.json]Azure.Search.Documents,11.7.0-alpha.20241001.1
azuresecurityattestation,[tfm=netstandard2.0;isPrerelease=true;customSource=https://pkgs.dev.azure.com/azure-sdk/public/_packaging/azure-sdk-for-net/nuget/v3/index.json]Azure.Security.Attestation,1.1.0-alpha.20240930.1
azuresecuritycodetransparency,[tfm=netstandard2.0;isPrerelease=true;customSource=https://pkgs.dev.azure.com/azure-sdk/public/_packaging/azure-sdk-for-net/nuget/v3/index.json]Azure.Security.CodeTransparency,1.0.0-alpha.20240930.1
azuresecurityconfidentialledger,[tfm=netstandard2.0;isPrerelease=true;customSource=https://pkgs.dev.azure.com/azure-sdk/public/_packaging/azure-sdk-for-net/nuget/v3/index.json]Azure.Security.ConfidentialLedger,1.4.0-alpha.20240930.1
azuresecuritykeyvaultadministration,[tfm=netstandard2.0;isPrerelease=true;customSource=https://pkgs.dev.azure.com/azure-sdk/public/_packaging/azure-sdk-for-net/nuget/v3/index.json]Azure.Security.KeyVault.Administration,4.5.0-alpha.20241001.2
azuresecuritykeyvaultcertificates,[tfm=netstandard2.0;isPrerelease=true;customSource=https://pkgs.dev.azure.com/azure-sdk/public/_packaging/azure-sdk-for-net/nuget/v3/index.json]Azure.Security.KeyVault.Certificates,4.7.0-alpha.20241001.2
azuresecuritykeyvaultkeys,[tfm=netstandard2.0;isPrerelease=true;customSource=https://pkgs.dev.azure.com/azure-sdk/public/_packaging/azure-sdk-for-net/nuget/v3/index.json]Azure.Security.KeyVault.Keys,4.7.0-alpha.20241001.2
azuresecuritykeyvaultsecrets,[tfm=netstandard2.0;isPrerelease=true;customSource=https://pkgs.dev.azure.com/azure-sdk/public/_packaging/azure-sdk-for-net/nuget/v3/index.json]Azure.Security.KeyVault.Secrets,4.7.0-alpha.20241001.2
azurestorageblobs,[tfm=netstandard2.0;isPrerelease=true;customSource=https://pkgs.dev.azure.com/azure-sdk/public/_packaging/azure-sdk-for-net/nuget/v3/index.json]Azure.Storage.Blobs,12.23.0-alpha.20241001.2
azurestorageblobsbatch,[tfm=netstandard2.0;isPrerelease=true;customSource=https://pkgs.dev.azure.com/azure-sdk/public/_packaging/azure-sdk-for-net/nuget/v3/index.json]Azure.Storage.Blobs.Batch,12.20.0-alpha.20241001.2
azurestorageblobschangefeed,[isPrerelease=true;tfm=netstandard2.0;customSource=https://pkgs.dev.azure.com/azure-sdk/public/_packaging/azure-sdk-for-net/nuget/v3/index.json]Azure.Storage.Blobs.ChangeFeed,12.0.0-alpha.20241001.2
azurestoragecommon,[tfm=netstandard2.0;isPrerelease=true;customSource=https://pkgs.dev.azure.com/azure-sdk/public/_packaging/azure-sdk-for-net/nuget/v3/index.json]Azure.Storage.Common,12.22.0-alpha.20241001.2
azurestoragedatamovement,[isPrerelease=true;tfm=netstandard2.0;customSource=https://pkgs.dev.azure.com/azure-sdk/public/_packaging/azure-sdk-for-net/nuget/v3/index.json]Azure.Storage.DataMovement,12.0.0-alpha.20240930.1
azurestoragedatamovementblobs,[isPrerelease=true;tfm=netstandard2.0;customSource=https://pkgs.dev.azure.com/azure-sdk/public/_packaging/azure-sdk-for-net/nuget/v3/index.json]Azure.Storage.DataMovement.Blobs,12.0.0-alpha.20240930.1
azurestoragedatamovementfilesshares,[tfm=netstandard2.0;isPrerelease=true;customSource=https://pkgs.dev.azure.com/azure-sdk/public/_packaging/azure-sdk-for-net/nuget/v3/index.json]Azure.Storage.DataMovement.Files.Shares,12.0.0-alpha.20240930.1
azurestoragefilesdatalake,[tfm=netstandard2.0;isPrerelease=true;customSource=https://pkgs.dev.azure.com/azure-sdk/public/_packaging/azure-sdk-for-net/nuget/v3/index.json]Azure.Storage.Files.DataLake,12.21.0-alpha.20241001.2
azurestoragefilesshares,[tfm=netstandard2.0;isPrerelease=true;customSource=https://pkgs.dev.azure.com/azure-sdk/public/_packaging/azure-sdk-for-net/nuget/v3/index.json]Azure.Storage.Files.Shares,12.21.0-alpha.20241001.2
azurestoragequeues,[tfm=netstandard2.0;isPrerelease=true;customSource=https://pkgs.dev.azure.com/azure-sdk/public/_packaging/azure-sdk-for-net/nuget/v3/index.json]Azure.Storage.Queues,12.21.0-alpha.20241001.2
azuretemplate,[isPrerelease=true;tfm=netstandard2.0;customSource=https://pkgs.dev.azure.com/azure-sdk/public/_packaging/azure-sdk-for-net/nuget/v3/index.json]Azure.Template,1.0.3-alpha.20241001.1
azureverticalsagrifoodfarming,[isPrerelease=true;tfm=netstandard2.0;customSource=https://pkgs.dev.azure.com/azure-sdk/public/_packaging/azure-sdk-for-net/nuget/v3/index.json]Azure.Verticals.AgriFood.Farming,1.0.0-alpha.20240930.1
microsoftapplicationinsights,[tfm=netstandard2.0;isPrerelease=true]Microsoft.ApplicationInsights,2.22.0-beta2
microsoftazureappconfigurationaspnetcore,[isPrerelease=true;tfm=netstandard2.0]Microsoft.Azure.AppConfiguration.AspNetCore,8.0.0-preview.3
microsoftazureappconfigurationfunctionsworker,[isPrerelease=true;tfm=netstandard2.0]Microsoft.Azure.AppConfiguration.Functions.Worker,8.0.0-preview.3
microsoftazureapplicationinsights,[isPrerelease=true;tfm=netstandard2.0]Microsoft.Azure.ApplicationInsights,0.9.0-preview
microsoftazurebatch,[tfm=netstandard2.0;isPrerelease=true;customSource=https://pkgs.dev.azure.com/azure-sdk/public/_packaging/azure-sdk-for-net/nuget/v3/index.json]Microsoft.Azure.Batch,16.4.0-alpha.20241001.1
microsoftazurecognitiveserviceslanguageluisauthoring,[isPrerelease=true;tfm=netstandard2.0]Microsoft.Azure.CognitiveServices.Language.LUIS.Authoring,3.2.0-preview.5
microsoftazurecognitiveserviceslanguageluisruntime,[isPrerelease=true;tfm=netstandard2.0]Microsoft.Azure.CognitiveServices.Language.LUIS.Runtime,3.1.0-preview.1
microsoftazurecognitiveserviceslanguagespellcheck,[isPrerelease=true;tfm=netstandard2.0]Microsoft.Azure.CognitiveServices.Language.SpellCheck,4.1.0-preview.1
microsoftazurecognitiveservicesvisioncustomvisiontraining,[isPrerelease=true;tfm=netstandard2.0]Microsoft.Azure.CognitiveServices.Vision.CustomVision.Training,2.1.0-preview
microsoftazurecognitiveservicesvisionface,[isPrerelease=true;tfm=netstandard2.0]Microsoft.Azure.CognitiveServices.Vision.Face,2.8.0-preview.3
microsoftazurecorenewtonsoftjson,[tfm=netstandard2.0;isPrerelease=true;customSource=https://pkgs.dev.azure.com/azure-sdk/public/_packaging/azure-sdk-for-net/nuget/v3/index.json]Microsoft.Azure.Core.NewtonsoftJson,2.1.0-alpha.20241001.1
microsoftazurecorespatial,[isPrerelease=true;tfm=netstandard2.0;customSource=https://pkgs.dev.azure.com/azure-sdk/public/_packaging/azure-sdk-for-net/nuget/v3/index.json]Microsoft.Azure.Core.Spatial,1.2.0-alpha.20241001.1
microsoftazurecorespatialnewtonsoftjson,[isPrerelease=true;tfm=netstandard2.0;customSource=https://pkgs.dev.azure.com/azure-sdk/public/_packaging/azure-sdk-for-net/nuget/v3/index.json]Microsoft.Azure.Core.Spatial.NewtonsoftJson,1.1.0-alpha.20241001.1
microsoftazurecosmosdbbulkexecutor,[isPrerelease=true;tfm=netstandard2.0]Microsoft.Azure.CosmosDB.BulkExecutor,2.5.1-preview
microsoftazuredatalakestore,[isPrerelease=true;tfm=netstandard2.0]Microsoft.Azure.DataLake.Store,1.2.5-alpha
microsoftazuredevices,[isPrerelease=true;tfm=netstandard2.0]Microsoft.Azure.Devices,2.0.0-preview002
microsoftazuredevicesclient,[isPrerelease=true;tfm=netstandard2.0]Microsoft.Azure.Devices.Client,2.0.0-preview002
microsoftazuredevicesprovisioningclient,[isPrerelease=true;tfm=netstandard2.0]Microsoft.Azure.Devices.Provisioning.Client,2.0.0-preview002
microsoftazuredevicesprovisioningservice,[isPrerelease=true;tfm=netstandard2.0]Microsoft.Azure.Devices.Provisioning.Service,2.0.0-preview002
microsoftazureeventhubs,[tfm=netstandard2.0;isPrerelease=true;customSource=https://pkgs.dev.azure.com/azure-sdk/public/_packaging/azure-sdk-for-net/nuget/v3/index.json]Microsoft.Azure.EventHubs,4.4.0-alpha.20241001.1
microsoftazureeventhubsprocessor,[tfm=netstandard2.0;isPrerelease=true;customSource=https://pkgs.dev.azure.com/azure-sdk/public/_packaging/azure-sdk-for-net/nuget/v3/index.json]Microsoft.Azure.EventHubs.Processor,4.4.0-alpha.20241001.1
microsoftazureeventhubsservicefabricprocessor,[tfm=netstandard2.0;isPrerelease=true;customSource=https://pkgs.dev.azure.com/azure-sdk/public/_packaging/azure-sdk-for-net/nuget/v3/index.json]Microsoft.Azure.EventHubs.ServiceFabricProcessor,0.5.6-alpha.20241001.1
microsoftazurefunctionsworker,[isPrerelease=true;tfm=netstandard2.0]Microsoft.Azure.Functions.Worker,1.11.0-preview2
microsoftazurefunctionsworkerextensionswebpubsub,[tfm=netstandard2.0;isPrerelease=true]Microsoft.Azure.Functions.Worker.Extensions.WebPubSub,1.7.0-beta.1
microsoftazurehdinsightjob,[isPrerelease=true;tfm=netstandard2.0]Microsoft.Azure.HDInsight.Job,3.0.0-preview.3
microsoftazureiotdigitaltwinmodel,[isPrerelease=true;tfm=netstandard2.0]Microsoft.Azure.IoT.DigitalTwin.Model,1.0.12-preview
microsoftazuremanagementchaos,[isPrerelease=true;tfm=netstandard2.0]Microsoft.Azure.Management.Chaos,0.9.15-preview
microsoftazuremanagementdeviceupdate,[isPrerelease=true;tfm=netstandard2.0]Microsoft.Azure.Management.DeviceUpdate,1.0.0-beta.1
microsoftazuremanagementmaintenance,[isPrerelease=true;tfm=netstandard2.0]Microsoft.Azure.Management.Maintenance,1.5.0-preview
microsoftazuremanagementpurview,[isPrerelease=true;tfm=netstandard2.0]Microsoft.Azure.Management.Purview,1.0.1
microsoftazuremedialivevideoanalyticsedge,[isPrerelease=true;tfm=netstandard2.0]Microsoft.Azure.Media.LiveVideoAnalytics.Edge,1.0.4-preview.1
microsoftazuremessagingeventgridcloudnativecloudevents,[tfm=netstandard2.0;isPrerelease=true;customSource=https://pkgs.dev.azure.com/azure-sdk/public/_packaging/azure-sdk-for-net/nuget/v3/index.json]Microsoft.Azure.Messaging.EventGrid.CloudNativeCloudEvents,1.1.0-alpha.20241001.1
microsoftazurerelay,[isPrerelease=true;tfm=netstandard2.0]Microsoft.Azure.Relay,3.0.0-preview
microsoftazureservicebus,[tfm=netstandard2.0;isPrerelease=true;customSource=https://pkgs.dev.azure.com/azure-sdk/public/_packaging/azure-sdk-for-net/nuget/v3/index.json]Microsoft.Azure.ServiceBus,5.3.0-alpha.20241001.1
microsoftazuresynapse,[isPrerelease=true;tfm=netstandard2.0]Microsoft.Azure.Synapse,0.1.0-preview
microsoftazurewebjobsextensionsauthenticationevents,[isPrerelease=true;tfm=netstandard2.0;customSource=https://pkgs.dev.azure.com/azure-sdk/public/_packaging/azure-sdk-for-net/nuget/v3/index.json]Microsoft.Azure.WebJobs.Extensions.AuthenticationEvents,1.1.0-alpha.20241001.1
microsoftazurewebjobsextensionseventgrid,[tfm=netstandard2.0;isPrerelease=true;customSource=https://pkgs.dev.azure.com/azure-sdk/public/_packaging/azure-sdk-for-net/nuget/v3/index.json]Microsoft.Azure.WebJobs.Extensions.EventGrid,3.4.3-alpha.20241001.1
microsoftazurewebjobsextensionseventhubs,[tfm=netstandard2.0;isPrerelease=true;customSource=https://pkgs.dev.azure.com/azure-sdk/public/_packaging/azure-sdk-for-net/nuget/v3/index.json]Microsoft.Azure.WebJobs.Extensions.EventHubs,6.4.0-alpha.20241001.1
microsoftazurewebjobsextensionsservicebus,[tfm=netstandard2.0;isPrerelease=true;customSource=https://pkgs.dev.azure.com/azure-sdk/public/_packaging/azure-sdk-for-net/nuget/v3/index.json]Microsoft.Azure.WebJobs.Extensions.ServiceBus,5.17.0-alpha.20240930.2
microsoftazurewebjobsextensionsstorage,[tfm=netstandard2.0;isPrerelease=true;customSource=https://pkgs.dev.azure.com/azure-sdk/public/_packaging/azure-sdk-for-net/nuget/v3/index.json]Microsoft.Azure.WebJobs.Extensions.Storage,5.4.0-alpha.20240930.1
microsoftazurewebjobsextensionsstorageblobs,[tfm=netstandard2.0;isPrerelease=true;customSource=https://pkgs.dev.azure.com/azure-sdk/public/_packaging/azure-sdk-for-net/nuget/v3/index.json]Microsoft.Azure.WebJobs.Extensions.Storage.Blobs,5.4.0-alpha.20240930.1
microsoftazurewebjobsextensionsstoragequeues,[tfm=netstandard2.0;isPrerelease=true;customSource=https://pkgs.dev.azure.com/azure-sdk/public/_packaging/azure-sdk-for-net/nuget/v3/index.json]Microsoft.Azure.WebJobs.Extensions.Storage.Queues,5.4.0-alpha.20240930.1
microsoftazurewebjobsextensionswebpubsubforsocketio,[tfm=netstandard2.0;isPrerelease=true]Microsoft.Azure.WebJobs.Extensions.WebPubSubForSocketIO,1.0.0-beta.4
microsoftcorewcfazurestoragequeues,[tfm=netstandard2.0;isPrerelease=true]Microsoft.CoreWCF.Azure.StorageQueues,1.0.0-beta.1
microsoftextensionsconfigurationazureappconfiguration,[isPrerelease=true;tfm=netstandard2.0]Microsoft.Extensions.Configuration.AzureAppConfiguration,8.0.0-preview.3
microsoftfeaturemanagement,[isPrerelease=true;tfm=netstandard2.0]Microsoft.FeatureManagement,2.6.0-preview2
microsoftfeaturemanagementaspnetcore,[isPrerelease=true;tfm=netstandard2.0]Microsoft.FeatureManagement.AspNetCore,3.0.0-preview
microsoftwcfazurestoragequeues,[isPrerelease=true;tfm=net6.0]Microsoft.WCF.Azure.StorageQueues,1.0.0-beta.1
systemclientmodel,[tfm=netstandard2.0;isPrerelease=true;customSource=https://pkgs.dev.azure.com/azure-sdk/public/_packaging/azure-sdk-for-net/nuget/v3/index.json]System.ClientModel,1.2.0-alpha.20241001.1
